id,titre,anneeSortie,dureeMinutes,noteCritique,paysOrigine,id_realisateur
1,We Are from the Future (My iz budushchego),2000-06,129,1.9,China,1
2,12 Rounds 2: Reloaded,2003-03,29,8.1,Argentina,2
3,Terminal Velocity,2024-09,11,6.9,Russia,3
4,AmeriQua,2023-08,165,9.9,Brazil,4
5,"Common Man, A",2003-10,16,1.6,Poland,5
6,"Statement, The",2009-07,75,3.5,Philippines,6
7,Agenda: Grinding America Down,2011-12,66,8.8,Indonesia,7
8,Images of the World and the Inscription of War (Bilder der Welt und Inschrift des Krieges),1998-03,179,6.1,China,8
9,Berlin Alexanderplatz,2019-09,74,4.6,Brazil,9
10,The Moromete Family,2010-12,110,5.1,Poland,10
11,Napoleon and Samantha,2021-06,4,4.9,Indonesia,11
12,Bride Flight,2007-11,4,6.1,Russia,12
13,Laggies,2010-07,153,6.2,United States,13
14,Drama/Mex,2018-07,138,8.8,Poland,14
15,Dead Fury,2007-04,44,3.0,Brazil,15
16,Three (a.k.a. 3),2003-02,175,7.8,Poland,16
17,"Onion Movie, The",2017-02,36,3.9,China,17
18,Hangtime - Kein leichtes Spiel,2013-01,173,4.8,United States,18
19,Madigan,2025-06,119,8.5,Benin,19
20,Plain Dirty (a.k.a. Briar Patch),2011-06,140,8.5,Ivory Coast,20
21,Away from Her,2000-09,72,6.8,Indonesia,21
22,Herbie: Fully Loaded,2001-11,4,3.1,Brazil,22
23,I Spy,2010-11,154,9.4,China,23
24,Keys to Tulsa,2022-07,10,2.3,China,24
25,Kahlekuningas,2018-02,17,6.6,Russia,25
26,Three Guys Named Mike,2001-08,149,3.5,Portugal,26
27,"Bicycle, Spoon, Apple (Bicicleta, cullera, poma)",2000-03,117,8.2,Japan,27
28,Battles Without Honor & Humanity (Jingi naki tatakai),2006-10,116,1.5,Indonesia,28
29,"It's the Easter Beagle, Charlie Brown!",2006-05,133,1.9,Burkina Faso,29
30,Marvellous,2011-09,161,4.3,Ukraine,30
31,Fanfan la Tulipe (Fan-Fan the Tulip),2004-03,34,6.5,Czech Republic,31
32,Bang Bang,2019-03,109,1.8,Brazil,32
33,"Cookout, The",2000-05,4,5.0,Ireland,33
34,Trance,2012-01,29,2.9,Russia,34
35,Querelle,2004-10,1,7.9,Cuba,35
36,"Chambermaid on the Titanic, The (Femme de chambre du Titanic, La)",1998-09,162,1.0,Philippines,36
37,Hidden (a.k.a. Cache) (Caché),2005-03,3,9.4,Azerbaijan,37
38,Trojan Eddie,2016-05,31,8.0,Netherlands,38
39,Born Yesterday,2011-03,34,5.7,Indonesia,39
40,Patriotism (Yûkoku),2015-09,143,1.9,Ukraine,40
41,Why Don't You Play In Hell? (Jigoku de naze warui),2018-11,49,2.2,Poland,41
42,"Enigma of Kaspar Hauser, The (a.k.a. Mystery of Kaspar Hauser, The) (Jeder für sich und Gott Gegen Alle)",2022-11,28,1.6,Indonesia,42
43,Cat Run 2,2003-10,68,3.2,Indonesia,43
44,ATL,2023-10,55,6.8,Uzbekistan,44
45,From Beginning to End (Do Começo ao Fim),1999-10,107,8.7,Honduras,45
46,Lady Terminator (Pembalasan ratu pantai selatan),2021-02,131,2.8,Sudan,46
47,Ambition,2023-04,1,1.6,El Salvador,47
48,Love Steaks,2011-05,66,7.6,Peru,48
49,Marie from the Bay of Angels (Marie Baie Des Anges),2017-05,168,6.0,Russia,49
50,28 Days Later,1998-02,102,2.3,France,50
51,"Bridges at Toko-Ri, The",2009-09,155,9.4,Czech Republic,51
52,"Night at the Roxbury, A",2015-05,115,8.8,China,52
53,Rockaway,2022-02,128,2.6,France,53
54,Home Page,2019-03,19,6.9,Dominican Republic,54
55,Erik the Viking,2011-09,101,9.1,United States,55
56,Seaside (Bord de Mer),2007-11,138,7.1,Czech Republic,56
57,Craig Ferguson: I'm Here To Help,1999-12,100,9.1,Ethiopia,57
58,Idiots and Angels,2022-03,144,9.1,Russia,58
59,Battle of the Warriors,1998-08,125,2.4,Vietnam,59
60,G.I. Joe: The Rise of Cobra,2019-01,36,9.3,Poland,60
61,Gamera vs. Gyaos (Daikaijû kûchûsen: Gamera tai Gyaosu),1998-11,10,5.6,Russia,61
62,Speed & Angels,2004-12,31,3.5,Russia,62
63,Killjoy 3,2002-03,100,3.1,Indonesia,63
64,Blue Spring (Aoi haru),2022-12,106,7.8,Thailand,64
65,No Man's Land,2018-08,45,7.8,China,65
66,In Two Minds,2025-05,78,6.6,Bolivia,66
67,Because I Said So,2010-08,97,7.2,Belarus,67
68,Entertaining Angels: The Dorothy Day Story,2015-06,29,5.0,China,68
69,"Puff, Puff, Pass",2015-10,28,2.7,Canada,69
70,Down Twisted,1999-12,58,7.3,China,70
71,Red Lights,2022-11,102,2.1,Sweden,71
72,Bronson,2024-10,126,4.4,Brazil,72
73,Zorro,1999-09,9,4.9,Croatia,73
74,"Last Temptation of Christ, The",2013-01,29,3.1,United States,74
75,Strawberry and Chocolate (Fresa y chocolate),2020-06,68,9.7,France,75
76,Housefull 2,2022-09,97,4.9,Bolivia,76
77,"Box, The",2012-03,129,8.3,Peru,77
78,Two Moon Junction,2000-04,72,2.5,Syria,78
79,Magnificent Warriors (Zhong hua zhan shi),2022-08,65,7.3,Indonesia,79
80,Bang the Drum Slowly,2024-09,79,6.9,Indonesia,80
81,"Court-Martial of Billy Mitchell, The",2012-07,32,4.6,Indonesia,81
82,Phone Call from a Stranger,2021-11,8,8.6,Canada,82
83,Millennium Mambo (Qian xi man po),2014-04,40,5.9,Russia,83
84,Command Performance,2001-06,170,2.5,Azerbaijan,84
85,"Little Girl Who Lives Down the Lane, The",2017-09,161,4.7,Poland,85
86,Bianca Beauchamp: All Access,2008-08,33,1.3,China,86
87,Barefoot in the Park,2016-02,8,3.1,Macedonia,87
88,Antitrust,2014-11,6,5.7,Angola,88
89,Cocoon: The Return,1999-11,29,4.9,Poland,89
90,Cat Ballou,2006-01,45,3.6,Ukraine,90
91,Johnny Express,2016-12,126,8.2,Indonesia,91
92,Hard Candy,2023-09,146,9.7,Philippines,92
93,"Touch of Zen, A (Xia nu)",1999-04,164,1.9,China,93
94,Captain January,2006-04,33,7.6,Brazil,94
95,Spring Breakers,2020-12,72,5.6,Philippines,95
96,"Thousand Words, A",2016-06,57,6.5,Colombia,96
97,Goldene Zeiten,2007-07,95,6.3,Thailand,97
98,Murder Ahoy,2024-10,34,6.9,Brazil,98
99,Inquire Within,2011-12,120,5.7,Afghanistan,99
100,Totally F***ed Up,2003-07,117,5.9,Philippines,100
101,"Secret of Santa Vittoria, The",2004-05,160,1.0,Japan,101
102,"Confucian Confusion, A (Du li shi dai)",2009-03,17,9.0,United States,102
103,Mondo Cane,2003-01,131,1.7,China,103
104,Dumb and Dumber To,2002-08,105,2.0,Thailand,104
105,Million Dollar Mystery,2011-05,57,8.9,Thailand,105
106,Madame Butterfly,2014-01,134,7.7,Ukraine,106
107,"Gang's All Here, The",2003-01,50,8.0,Czech Republic,107
108,"Milky Way, The",2018-08,92,5.6,Japan,108
109,"Puppetmaster, The (Xi meng ren sheng)",2019-02,165,5.3,Ireland,109
110,Firewall,2010-12,2,8.3,Germany,110
111,Goodbye Again,2011-08,156,2.0,Japan,111
112,Ice Princess,2017-04,76,6.1,Brazil,112
113,"Caller, The",2014-02,47,1.7,Indonesia,113
114,Time to Kill (Tempo di uccidere),1998-07,100,5.8,Ecuador,114
115,Dedication,2002-10,64,1.5,Philippines,115
116,"Help Me, Eros (Bang bang wo ai shen)",2009-08,120,3.1,Finland,116
117,Computer Chess,2019-05,80,4.3,Malaysia,117
118,Mr. Moto's Last Warning,2002-04,29,8.7,Palestinian Territory,118
119,Two Little Boys,2015-06,128,8.8,China,119
120,"Doors, The",2014-11,33,1.3,Libya,120
121,Rage of Honor,2016-09,122,3.3,Peru,121
122,Waltz with Bashir (Vals im Bashir),2014-10,49,1.5,Kazakhstan,122
123,The Encounter,2003-04,106,3.6,Syria,123
124,Few of Us,2000-12,118,6.3,Russia,124
125,Love at First Bite,2001-05,27,2.6,Syria,125
126,The Auction,2000-05,91,8.5,Iran,126
127,Assassination on the Tiber,2015-09,52,8.6,China,127
128,Turner & Hooch,2011-10,120,2.5,China,128
129,Pay It Forward,2024-11,38,8.5,France,129
130,Tetro,2021-05,115,1.6,Syria,130
131,Dinner for Schmucks,2004-11,131,2.0,Ukraine,131
132,Farewell to the King,2021-06,127,9.9,China,132
133,Avalon,2006-04,48,4.6,Philippines,133
134,Casino Jack and the United States of Money,2002-03,31,1.6,Nigeria,134
135,Wish I Was Here,2005-05,80,4.6,Czech Republic,135
136,Marilyn Hotchkiss' Ballroom Dancing & Charm School,2012-08,46,5.9,Philippines,136
137,"Better Way to Die, A",2005-11,151,4.3,Greece,137
138,"Wrong Guy, The",1999-03,17,1.3,Peru,138
139,S.W.A.T.: Firefight,1999-03,71,8.8,Mexico,139
140,Get a Horse!,2012-11,95,1.6,Czech Republic,140
141,The Army,2016-12,179,1.6,Cambodia,141
142,"Heavenly Body, The",2006-09,125,2.5,Indonesia,142
143,Will,2005-01,5,2.3,China,143
144,Vanishing on 7th Street,2005-05,170,9.8,Greece,144
145,Just love me (Tylko mnie kochaj),2020-11,48,5.7,Poland,145
146,Lost & Found,2006-12,19,4.3,China,146
147,"Source Family, The",2006-09,113,3.4,Sweden,147
148,National Lampoon's Lady Killers (National Lampoon's Gold Diggers),2018-10,164,8.7,Brazil,148
149,"Gun in Betty Lou's Handbag, The",2009-05,69,1.8,Chile,149
150,Bataan,2021-06,114,1.5,Indonesia,150
151,Knife in the Water (Nóz w wodzie),2012-10,71,1.7,China,151
152,Darfur Now,2011-04,116,9.2,Philippines,152
153,"Kings of Mykonos, The",2020-08,177,4.9,Czech Republic,153
154,Victim,2006-06,97,3.1,Yemen,154
155,"Physician, The",2006-05,152,1.2,Kyrgyzstan,155
156,Moving Out,2020-03,65,4.2,Poland,156
157,"Horse Rebellion, The (Pulakapina)",1999-05,57,6.1,China,157
158,Restaurant,2015-08,30,4.3,Trinidad and Tobago,158
159,Dancing Outlaw II: Jesco Goes to Hollywood,2013-07,112,4.7,Yemen,159
160,"Blue and the Gray, The",2021-02,42,8.6,Angola,160
161,Counsellor at Law,2021-03,111,6.5,China,161
162,Ed's Next Move,1999-02,92,7.1,Afghanistan,162
163,Ghoulies IV,2025-01,56,4.0,France,163
164,Eye of the Dolphin,2019-06,44,9.6,United States,164
165,Making the Earth Stand Still,2000-02,109,8.1,Brazil,165
166,Protector (Protektor),2000-02,34,6.1,Indonesia,166
167,Carrington,2014-07,112,1.9,Slovenia,167
168,Dark House,2018-10,50,9.6,Lithuania,168
169,Comandante,2012-05,52,2.0,Myanmar,169
170,"Jo Jo Dancer, Your Life is Calling",2024-06,84,8.9,Thailand,170
171,"Master of Ballantrae, The",2000-09,127,2.7,Poland,171
172,Clara and Me (Clara et moi),2008-06,153,2.8,Japan,172
173,Entity,2008-09,14,8.0,Canada,173
174,Toe to Toe,2019-08,123,7.6,Russia,174
175,"Largo Winch (Heir Apparent: Largo Winch, The)",2015-02,8,5.6,Czech Republic,175
176,The Stoker,2006-04,32,9.5,Russia,176
177,Vampire's Kiss,2019-11,139,5.8,Philippines,177
178,Invincible,2007-07,129,3.7,Philippines,178
179,The Loft,2019-09,18,6.5,South Africa,179
180,Soft Toilet Seats,2019-02,64,2.4,Ukraine,180
181,Here be Dragons,2014-02,107,6.6,Russia,181
182,When Jews Were Funny,2007-03,31,6.3,China,182
183,James Gandolfini: Tribute to a Friend,2022-08,29,3.0,China,183
184,Billy's Hollywood Screen Kiss,2010-08,107,7.2,China,184
185,Can't Stop the Music,2008-05,82,1.9,Bangladesh,185
186,"Walk Among the Tombstones, A",2007-03,23,6.8,Nigeria,186
187,Sholay,2021-07,29,7.8,China,187
188,Wonder Man,2016-09,112,2.5,Mexico,188
189,"Gambler, The",2015-09,27,3.6,Canada,189
190,Chance Pe Dance,2006-03,138,1.6,Philippines,190
191,"Aguirre: The Wrath of God (Aguirre, der Zorn Gottes)",2010-11,141,4.6,Portugal,191
192,Lover's Knot,2013-12,65,7.8,China,192
193,CQ,2016-01,40,1.4,China,193
194,Love Don't Cost a Thing,2019-04,28,5.9,Indonesia,194
195,Frenchman's Creek,2023-07,79,7.5,Spain,195
196,Across the Universe,2011-05,30,4.7,Argentina,196
197,Shall We Dance? (Shall We Dansu?),2005-09,139,2.4,United States,197
198,Much Ado About Something,2006-08,113,1.0,Indonesia,198
199,One 2 Ka 4,2020-10,53,1.2,Indonesia,199
200,Trails (Veredas),2000-10,51,4.3,Germany,200
201,"Crimson Wing: Mystery of the Flamingos, The",2016-04,74,3.4,Egypt,201
202,One Night Stand,2013-05,67,2.1,Bosnia and Herzegovina,202
203,"Tomorrow, the World!",2013-01,62,9.5,Indonesia,203
204,Goddess (Devi),2006-04,91,3.6,Norway,204
205,Angel of Mine (a.k.a. The Mark of an Angel) (L'empreinte de l'ange),2006-03,58,8.0,Indonesia,205
206,On Our Merry Way,2005-02,37,7.1,Russia,206
207,"First Love, Last Rites",2015-07,101,6.5,China,207
208,Dark Journey,1999-08,134,7.2,Brazil,208
209,Little Women,2007-08,179,4.4,Philippines,209
210,Ernest & Célestine (Ernest et Célestine),2010-03,121,4.1,Brazil,210
211,Saving Lincoln,2012-03,10,9.2,Greece,211
212,The War at Home,2007-01,88,5.2,China,212
213,Dog Nail Clipper (Koirankynnenleikkaaja),2018-07,82,2.6,Armenia,213
214,Trigun: Badlands Rumble,2018-06,76,1.3,China,214
215,Fire in the Sky,2007-11,180,4.8,Indonesia,215
216,"Violent Years, The",2006-06,103,9.9,Slovenia,216
217,Onechanbara - Zombie Bikini Squad (a.k.a. Oneechanbara: The Movie),2001-02,88,5.7,Costa Rica,217
218,"Place in the Sun, A (En plats i solen)",2009-05,14,4.7,Colombia,218
219,Pauly Shore Is Dead,2009-08,47,3.3,Angola,219
220,Whistle Down the Wind,2000-01,68,2.2,Macedonia,220
221,"African Queen, The",2019-02,32,6.0,Philippines,221
222,"Little Foxes, The",2005-09,97,4.3,Indonesia,222
223,Body Shots,2011-06,19,8.7,Japan,223
224,"Turandot Project, The",2012-03,91,5.6,Indonesia,224
225,Get a Horse!,2009-02,163,6.3,China,225
226,Air Raid Wardens,2006-10,82,1.5,Brazil,226
227,Because of Winn-Dixie,2009-07,94,9.3,Russia,227
228,Unfaithfully Yours,2021-03,80,3.3,Iran,228
229,"White Rose, The (Weiße Rose, Die)",2012-03,59,9.8,China,229
230,Still Walking (Aruitemo aruitemo),2017-04,140,7.9,Canada,230
231,"Kiss for Corliss, A (Almost a Bride)",2002-11,151,8.7,France,231
232,Never Weaken,2014-08,108,4.8,China,232
233,Huhwihaji Anha (No Regret),2019-06,133,6.6,Malaysia,233
234,Xiu Xiu: The Sent-Down Girl (Tian yu),2001-01,51,4.6,Canada,234
235,Tipping the Velvet,2010-07,1,5.6,Argentina,235
236,"Silent One, The",2010-04,148,2.6,Czech Republic,236
237,Like Mike 2: Streetball,2013-06,36,9.5,Colombia,237
238,"Dust of Time, The",2016-06,111,8.7,China,238
239,Benigni,2003-12,100,5.9,China,239
240,"Small Back Room, The",2006-08,139,9.1,Poland,240
241,One in a Million: The Ron LeFlore Story,2014-01,29,5.5,Philippines,241
242,Flesh for Frankenstein (a.k.a. Andy Warhol's Frankenstein),2014-12,98,9.0,Colombia,242
243,Willow Creek,2007-09,154,7.7,Iraq,243
244,Timeline,2016-02,147,5.8,China,244
245,"Message to Garcia, A",2015-10,134,9.6,Philippines,245
246,Assault on Precinct 13,2022-02,79,5.0,Philippines,246
247,"Matrix Reloaded, The",2022-02,76,1.9,Indonesia,247
248,"13 Frightened Girls! (Candy Web, The)",2011-01,166,5.6,Indonesia,248
249,"Watch Out, We're Mad (...Altrimenti ci arrabbiamo!)",2000-02,144,6.5,China,249
250,High on Crack Street: Lost Lives in Lowell,2013-11,90,5.0,Indonesia,250
251,44 Inch Chest,2018-11,19,2.7,Philippines,251
252,Juha,2002-07,131,6.3,Cuba,252
253,"Pit and the Pendulum, The",2014-03,164,3.7,Russia,253
254,Cirque du Freak: The Vampire's Assistant,2005-10,2,4.6,Indonesia,254
255,Land of Happines (Onnen maa),2024-11,160,8.3,China,255
256,Showdown in Little Tokyo,2008-09,132,7.8,Ukraine,256
257,Bloodlust: Subspecies III,2015-07,74,8.8,Poland,257
258,Far from Home,2024-05,151,1.8,Pakistan,258
259,Fires on the Plain (Nobi),2005-05,12,7.5,Russia,259
260,Echoes from the Dead (Skumtimmen),2001-06,96,6.7,France,260
261,"Snow Walker, The",2021-05,158,4.8,Sweden,261
262,Torso,2004-04,5,6.6,Indonesia,262
263,All the Little Animals,2012-03,54,8.6,Poland,263
264,Tattoo,2016-12,165,1.5,Indonesia,264
265,Quigley Down Under,2017-03,173,1.9,Russia,265
266,Herbie Goes to Monte Carlo,2020-02,52,8.8,Indonesia,266
267,Killer Joe,1999-07,37,2.4,France,267
268,"Good Fairy, The",2017-11,159,6.6,Japan,268
269,Private School,2000-07,69,7.4,China,269
270,"Jungle Creature: Hugo, The (Jungledyret) (Go Hugo Go)",2007-11,8,2.7,China,270
271,"Love of Siam, The (Rak haeng Siam)",2018-06,145,2.8,Tunisia,271
272,Havoc,2022-05,128,4.9,China,272
273,Mr. Skeffington,2008-10,49,6.3,Pakistan,273
274,"Cloud-Capped Star, The (Meghe Dhaka Tara)",2022-09,22,2.5,Egypt,274
275,"Other Voices, Other Rooms",2019-05,61,5.7,Indonesia,275
276,"Maze, The",2013-03,84,9.9,Netherlands,276
277,"Star Witness, The",2010-07,17,5.9,Germany,277
278,Old School,2003-11,86,5.8,Portugal,278
279,Romeo Must Die,2001-01,125,2.7,China,279
280,Gotcha!,2003-11,139,9.5,Kazakhstan,280
281,Cheri,2000-03,89,2.5,Mexico,281
282,"Yank in the R.A.F., A",2013-04,170,6.9,China,282
283,Peggy Sue Got Married,2023-02,144,8.6,Japan,283
284,The Appointments of Dennis Jennings,2022-03,177,4.4,China,284
285,Aces 'N' Eights,2008-08,142,7.6,Venezuela,285
286,Carnosaur,2011-04,115,7.2,Indonesia,286
287,"Bill Cosby, Himself",2010-11,19,5.4,Indonesia,287
288,The Six Million Dollar Man,2014-12,133,7.2,Indonesia,288
289,Becky Sharp,2016-06,57,5.9,Niger,289
290,Detachment,2017-02,25,6.3,China,290
291,Yatterman (Yattâman),1999-03,102,2.1,Mexico,291
292,"Story of Esther Costello, The",1998-05,124,1.8,Czech Republic,292
293,I Love Trouble,2008-12,126,3.4,Czech Republic,293
294,"Prestige, The",2004-08,1,4.3,China,294
295,Ghost Story,1999-08,134,9.7,China,295
296,Godspeed,2008-06,164,4.0,Brazil,296
297,Beauty Day,2020-04,177,4.6,Morocco,297
298,Welcome to the Rileys,2018-03,105,7.0,Ethiopia,298
299,Muriel's Wedding,2004-02,112,8.8,Czech Republic,299
300,Blue,2025-01,9,9.9,Russia,300
301,Besotted,2004-02,69,2.4,United States,301
302,Final Destination,2021-08,167,8.7,Sweden,302
303,貞子3D,2003-12,1,3.3,France,303
304,Camp,2023-08,37,3.9,Ireland,304
305,2:13,2022-07,24,8.0,Malaysia,305
306,Babylon A.D.,2011-04,23,3.6,China,306
307,Jumper,1999-10,11,2.6,Russia,307
308,"Art of Flight, The",2013-11,147,4.9,Indonesia,308
309,Angel Eyes,2006-01,166,5.4,Colombia,309
310,Which Way to the Front?,2005-06,162,3.3,Zambia,310
311,Nekromantik,2005-10,58,7.1,Russia,311
312,Appointment in Tokyo,2024-02,100,9.0,Japan,312
313,Growth,2011-05,19,1.7,China,313
314,"Super Inframan, The (Zhong guo chao ren)",2022-08,15,7.2,Sierra Leone,314
315,High School Musical,2006-07,154,4.4,China,315
316,"King of Masks, The (Bian Lian)",2020-09,121,1.7,Poland,316
317,"Sunday in the Country, A (Un dimanche à la campagne)",2003-02,163,5.4,Nigeria,317
318,LOL (Laughing Out Loud),2018-11,149,9.8,Russia,318
319,Garfield's Pet Force,2001-04,170,9.4,Ireland,319
320,Bran Nue Dae,2021-03,82,9.0,Netherlands,320
321,Peyton Place,2011-09,42,5.2,Brazil,321
322,"Story of Esther Costello, The",2003-01,109,7.9,Russia,322
323,Murder by Death,2009-02,7,2.4,Portugal,323
324,Stories of Lost Souls,2015-12,115,10.0,Colombia,324
325,Peppermint Candy (Bakha satang),2016-08,36,8.2,Indonesia,325
326,All These Women (För att inte tala om alla dessa kvinnor),2007-04,76,8.5,Brazil,326
327,Thunderbolt (Pik lik feng),2018-04,165,9.6,Indonesia,327
328,Rules of Single Life (Sinkkuelämän säännöt),2011-03,127,1.4,Mexico,328
329,Into the Blue,2018-12,18,9.5,Bosnia and Herzegovina,329
330,Viola,1999-03,14,1.5,Ireland,330
331,"Giant Spider Invasion, The",2020-02,86,7.7,Bolivia,331
332,"Bird People in China, The (Chûgoku no chôjin)",2025-03,30,9.8,Sweden,332
333,Shattered Image,2018-03,126,1.7,Philippines,333
334,"Life and Times of Allen Ginsberg, The",2017-12,31,2.3,France,334
335,"Life and Adventures of Santa Claus, The",1999-03,56,4.3,China,335
336,Tarzan and the Lost City,2006-01,36,4.4,Russia,336
337,"Iron Lady, The",2004-08,147,2.5,China,337
338,"White Cliffs of Dover, The",2014-08,139,6.5,United States,338
339,Beatdown,2018-02,7,7.2,Vietnam,339
340,Seeing Other People,2019-03,47,1.8,Ireland,340
341,My Letter to George (Mesmerized),2016-11,135,9.9,United States,341
342,"Art of Crying, The (Kunsten at græde i kor)",2017-03,133,7.3,Indonesia,342
343,After.Life,2014-06,45,3.2,Czech Republic,343
344,Children of the Decree (Das Experiment 770 - Gebären auf Befehl),2000-12,124,7.5,Japan,344
345,Prime Suspect: The Lost Child,2024-01,39,4.9,Greece,345
346,"Reluctant Dragon, The",2021-07,14,4.9,China,346
347,"Bodies, Rest & Motion",2000-02,180,9.5,Indonesia,347
348,"Mouse That Roared, The",1998-08,77,3.0,Poland,348
349,Darkness/Light/Darkness (Tma/Svetlo/Tma),2007-04,71,7.6,Indonesia,349
350,Schindler's List,2008-01,50,2.2,China,350
351,"Rita, Sue and Bob Too!",2018-12,179,1.2,Indonesia,351
352,Buster Keaton: A Hard Act to Follow,1998-09,108,3.7,Poland,352
353,Legend of the Boneknapper Dragon,2004-12,155,3.4,Guatemala,353
354,Stalag Luft,2001-05,26,2.1,Indonesia,354
355,Silent Fall,2017-01,42,3.2,Honduras,355
356,South Pacific,2008-02,172,3.9,France,356
357,B.F.'s Daughter,2014-07,137,7.1,China,357
358,"Code Conspiracy, The",2020-08,71,6.1,Portugal,358
359,As I Was Moving Ahead Occasionally I Saw Brief Glimpses of Beauty,2017-09,155,5.7,Serbia,359
360,9 1/2 Weeks (Nine 1/2 Weeks),2014-06,166,1.6,Portugal,360
361,Junkopia,2023-12,151,9.6,Palestinian Territory,361
362,Cloak and Dagger,2020-07,45,4.7,Russia,362
363,Temptation (Tentação),1998-12,147,8.0,Russia,363
364,Never Say... Never! (Il ne faut jurer... de rien!),2012-03,40,8.9,Angola,364
365,"Silent One, The",2012-01,81,4.1,Brazil,365
366,See What I'm Saying: The Deaf Entertainers Documentary,2018-02,148,5.1,Palestinian Territory,366
367,"Dragonphoenix Chronicles: Indomitable, The",2025-05,154,1.6,Indonesia,367
368,Crush,2012-01,118,6.7,Finland,368
369,Ghosts of Mars,2001-09,52,4.8,Mexico,369
370,Dead Air,2006-02,142,6.1,Russia,370
371,"Autumn Heart, The",2003-01,22,5.5,China,371
372,Mr. Morgan's Last Love,2009-01,19,5.4,Indonesia,372
373,Ricky Rapper and the Bicycle Thief (Risto Räppääjä ja polkupyörävaras),2004-06,98,2.9,Finland,373
374,My Left Foot,2015-03,153,2.5,Philippines,374
375,MC5: Kick Out the Jams,2004-04,156,9.6,Syria,375
376,"Too Early, Too Late (Trop tôt, trop tard)",2005-01,40,2.1,Ukraine,376
377,Camelot,2001-12,111,1.5,Indonesia,377
378,Bells Are Ringing,2014-03,52,1.9,Dominican Republic,378
379,"Law of Desire (Ley del deseo, La)",2000-05,178,4.6,Nigeria,379
380,"Breaks, The",2008-08,46,5.3,China,380
381,Dead Bang,2020-08,128,1.4,Czech Republic,381
382,"Guardian, The",2006-01,24,4.5,Brazil,382
383,Vendetta,2013-04,76,7.3,Belarus,383
384,From Hell It Came,2017-03,50,1.8,Vietnam,384
385,"Goodbye, Mr. Chips",2010-10,75,5.5,Colombia,385
386,Journey Into Fear,2009-03,20,9.8,South Korea,386
387,"Dog Year, A",2011-10,114,9.9,Mexico,387
388,Batman: Year One,1998-12,148,7.1,Morocco,388
389,"Homesman, The",2008-04,141,5.7,China,389
390,Arabesque,2001-05,42,5.6,Poland,390
391,"Ice Storm, The",2014-07,55,9.2,Russia,391
392,Meilleur espoir féminin,2004-03,70,7.4,New Caledonia,392
393,You Will Be My Son (Tu seras mon fils),2001-02,151,4.6,Uzbekistan,393
394,"Music Lovers, The",2007-03,160,5.9,Kuwait,394
395,Daylight,2007-05,130,2.1,Brazil,395
396,Talk of Angels,2024-04,156,3.5,Czech Republic,396
397,Cry-Baby,2020-02,154,1.4,China,397
398,South of the Border,2016-10,115,5.8,Colombia,398
399,Broken English,2007-01,130,9.7,Serbia,399
400,Anna,2011-11,28,4.3,Belarus,400
401,"Secret Policeman's Other Ball, The",2012-11,167,1.2,Mexico,401
402,Frozen River,2004-01,56,3.8,China,402
403,Aftermath: Population Zero,2005-09,65,5.4,Kazakhstan,403
404,Into the Woods,2015-04,95,9.8,China,404
405,Miami Rhapsody,2024-05,72,4.6,Uruguay,405
406,Helter Skelter,2016-08,103,8.7,Russia,406
407,Red Doors,2011-02,137,8.9,United States,407
408,"Baby, The",2014-08,169,7.9,Indonesia,408
409,"Woman Who Wasn't There, The",2024-09,95,3.8,Peru,409
410,"Tie That Binds, The",2012-07,11,6.6,Russia,410
411,Woochi: The Demon Slayer,2012-01,6,7.1,China,411
412,Junkopia,2014-12,4,5.5,Brazil,412
413,Charlie Chan at Monte Carlo,2016-08,176,7.3,Indonesia,413
414,"Mirror Has Two Faces, The",2018-05,37,7.8,Pakistan,414
415,"Gorgon, The",2003-05,168,2.1,China,415
416,Chill Out! (Descongélate!),2024-01,165,1.6,Portugal,416
417,"Court Jester, The",2024-06,19,2.0,Mali,417
418,Lakeview Terrace,2015-06,25,2.6,Sierra Leone,418
419,At Land,2010-08,133,9.3,Czech Republic,419
420,Kivski Freski,2014-11,35,7.4,China,420
421,Apartment Zero,2012-03,28,1.7,China,421
422,Zigeunerweisen (Tsigoineruwaizen),2020-01,95,5.1,Czech Republic,422
423,"Good Job:  Stories of the FDNY, A",2024-04,142,9.4,China,423
424,"Point, The",2019-04,37,5.3,France,424
425,This Is Not a Film (In film nist),2002-09,10,5.7,Argentina,425
426,"Believer, The",2001-07,173,8.5,Russia,426
427,"Simple-Minded Murder, The (Enfaldige mördaren, Den)",1999-04,177,6.9,Montenegro,427
428,"Thorn Birds, The",2007-06,92,8.4,Argentina,428
429,Angel on My Shoulder,2000-11,5,7.6,Greece,429
430,Stash House,2018-12,24,5.3,Russia,430
431,Cass Timberlane,2006-02,29,1.4,Sweden,431
432,Cave of Forgotten Dreams,1999-06,38,8.5,Malawi,432
433,American Mary,1998-01,132,4.5,China,433
434,Code Unknown (Code inconnu: Récit incomplet de divers voyages),2004-02,164,7.5,Indonesia,434
435,Euridice BA 2O37 (Evridiki BA 2O37),2018-12,154,7.6,China,435
436,Two Guys Talkin' About Girls,2018-07,179,1.2,Norfolk Island,436
437,"Afflicted, The",2020-01,142,4.2,Nigeria,437
438,Karlsson Brothers (Bröderna Karlsson),2014-06,28,10.0,Czech Republic,438
439,"Jerk Theory, The",2015-04,31,2.6,France,439
440,"Enforcer, The",2012-01,160,2.8,Indonesia,440
441,Iron Eagle II,1999-08,65,6.9,United States,441
442,Insanitarium,2003-03,7,7.5,Russia,442
443,Gay Purr-ee,2002-12,130,8.9,Bhutan,443
444,"So Evil, So Young",2006-11,40,6.2,Philippines,444
445,Red Heat,2022-01,159,6.5,Russia,445
446,Hiroshima ,2020-02,178,7.3,China,446
447,Rancho Deluxe,2005-01,102,1.9,China,447
448,"Pier, The (Jetée, La)",1998-10,139,7.2,Pakistan,448
449,Punk's Not Dead,2004-02,122,8.9,Mongolia,449
450,Toy Soldiers,2007-10,43,2.7,France,450
451,"Terror Beneath the Sea, The (Kaitei daisensô)",2010-10,140,8.6,Russia,451
452,Citizen Kane,1999-04,25,4.2,Poland,452
453,"Hunting of the President, The",2022-05,112,3.2,Kosovo,453
454,Victor and the Secret of Crocodile Mansion,2018-03,142,6.8,Syria,454
455,Dug's Special Mission,2006-06,108,9.8,Spain,455
456,"Killing Fields, The",2010-11,83,2.5,China,456
457,Flame of Barbary Coast,2007-12,53,9.8,Russia,457
458,Ladies of Leisure,2019-04,180,4.3,France,458
459,"Affair of the Necklace, The",2007-06,8,2.8,China,459
460,Love Me Tonight,2005-03,137,6.2,Ukraine,460
461,Head Above Water,2017-10,10,4.4,Moldova,461
462,"Survivors, The",2013-09,10,5.6,Czech Republic,462
463,Distant (Uzak),2011-06,32,6.8,Indonesia,463
464,Majesteit,2014-07,93,5.9,Portugal,464
465,Schtonk!,2002-01,73,6.9,Poland,465
466,Run of the Arrow,2002-08,10,2.7,Guatemala,466
467,Rebellion (L'ordre et la morale),2023-09,80,6.0,China,467
468,"Double, The",2024-10,162,7.7,China,468
469,"Dancing Hawk, The (Tanczacy jastrzab)",2019-04,13,1.6,Honduras,469
470,White Bird in a Blizzard,2004-08,143,6.2,Democratic Republic of the Congo,470
471,"Rocky Horror Picture Show, The",1999-07,45,7.3,Philippines,471
472,Game of Chance (Onnenpeli),2019-10,142,4.8,Brazil,472
473,Before Midnight,2008-04,125,7.4,China,473
474,"Howards of Virginia, The",2003-11,51,4.2,Indonesia,474
475,6 Desires: DH Lawrence and Sardinia,2023-09,8,1.4,China,475
476,Orderers (Les ordres),1998-04,15,2.1,Indonesia,476
477,"1, 2, 3, Sun (Un, deuz, trois, soleil)",2016-09,73,8.9,Dominican Republic,477
478,Fantomas (Fantômas - À l'ombre de la guillotine),2023-10,143,6.5,China,478
479,"Soldier's Tale, A",2011-05,86,4.9,Thailand,479
480,Chori Chori Chupke Chupke,2013-01,123,5.7,Sweden,480
481,"Boy Who Could Fly, The",2020-04,100,1.5,Haiti,481
482,Bill Cunningham New York,2004-02,133,8.4,Ecuador,482
483,Shinobi No Mono 4: Siege,2010-03,27,7.4,Russia,483
484,I'm Reed Fish,2004-07,171,2.6,Japan,484
485,Midnight in Paris,2014-04,134,2.2,Philippines,485
486,G.I. Joe: A Real American Hero (G.I. Joe: The MASS Device),2015-09,119,2.8,Portugal,486
487,"Woman in Red, The",2004-07,84,5.1,United States,487
488,Balto: Wolf Quest ,2023-06,30,2.6,Russia,488
489,"Oak, The (Balanta)",2021-02,80,3.9,China,489
490,Strangers in Good Company,2012-05,146,5.3,Mexico,490
491,Little Darlings,2019-12,38,7.1,China,491
492,Come Undone (Cosa voglio di più),2021-01,117,9.6,Portugal,492
493,"Barkleys of Broadway, The",2002-05,51,8.2,Russia,493
494,Dangerous Liaisons,2024-01,47,4.2,Sweden,494
495,"Disappearance of Eleanor Rigby: Them, The",2008-12,87,7.9,Russia,495
496,All American Orgy (Cummings Farm),2001-07,180,2.8,Indonesia,496
497,Bombardier,2001-01,116,4.0,Russia,497
498,"Poseidon Adventure, The ",2002-07,151,7.4,China,498
499,9 Month Stretch (9 mois ferme),2018-12,101,2.9,Poland,499
500,Old Acquaintance,2005-04,108,6.2,Czech Republic,500
501,Yu-Gi-Oh!,2000-10,46,1.2,Russia,501
502,Trapped in the Closet: Chapters 1-12,2000-10,22,5.2,Syria,502
503,Karla,2003-12,116,4.5,Zambia,503
504,Edge of Darkness,2003-03,92,7.1,South Korea,504
505,Bad Girls Go To Hell,2023-01,37,5.4,China,505
506,Watermarks,2002-05,9,8.2,Madagascar,506
507,Panama Hattie,2023-05,132,5.2,Trinidad and Tobago,507
508,Hotel,2008-12,83,5.8,Sweden,508
509,Saving General Yang,2021-07,54,3.5,Vietnam,509
510,Ever Since the World Ended,2024-08,155,8.9,Croatia,510
511,Once Upon a Time in China III (Wong Fei-hung tsi sam: Siwong tsangba),2002-08,16,7.8,Vietnam,511
512,Vehicle 19,1999-07,151,7.1,China,512
513,Pusher,2019-12,91,9.0,China,513
514,The Sign of Four: Sherlock Holmes' Greatest Case,2000-02,86,7.2,China,514
515,Midnight in the Garden of Good and Evil,2022-02,28,6.3,Brazil,515
516,Flirting With Disaster,2006-06,156,9.2,Philippines,516
517,"Cave of the Yellow Dog, The",2009-11,85,6.2,Mongolia,517
518,Bebe's Kids,2017-08,136,7.0,Colombia,518
519,"Giant Spider Invasion, The",2013-10,57,3.3,Indonesia,519
520,Scaramouche,2014-06,169,1.9,Brazil,520
521,"Summer at Grandpa's, A (Dong dong de jia qi)",2025-01,138,3.1,Georgia,521
522,"Marcello Mastroianni: I Remember Yes, I Remember (Marcello Mastroianni: mi ricordo, sì, io mi ricordo)",2022-11,123,7.9,Japan,522
523,In a Dark Place,2016-12,148,1.7,Canada,523
524,Nothing to Lose,2008-06,48,3.2,China,524
525,Charleston,2004-03,133,9.4,Czech Republic,525
526,Alien,2020-02,159,6.8,Netherlands,526
527,"Coast Guard, The (Hae anseon)",2022-09,120,7.0,United States,527
528,The Disappeared,2019-03,173,6.3,Russia,528
529,Superman IV: The Quest for Peace,2006-05,104,5.9,China,529
530,"Glenn Miller Story, The",1998-03,171,2.3,Czech Republic,530
531,Attack of the Giant Leeches,2017-05,26,8.0,Mongolia,531
532,Five Easy Pieces,2005-02,97,2.2,Indonesia,532
533,"Boot, Das (Boat, The)",2001-01,86,8.3,United Kingdom,533
534,"Mad Adventures of Rabbi Jacob, the (Les Aventures de Rabbi Jacob)",2013-04,132,2.9,China,534
535,Wicker Park,2011-08,46,2.4,Greece,535
536,Varg Veum - Bitter Flowers (Varg Veum - Bitre Blomster),2016-07,111,6.2,Philippines,536
537,National Lampoon's Pucked,2002-02,10,9.3,China,537
538,Captain Horatio Hornblower R.N.,2020-08,148,7.4,Ireland,538
539,Pet Sematary II,2015-01,138,6.1,Brazil,539
540,Colt Comrades,2011-08,106,7.4,Bosnia and Herzegovina,540
541,It's a Bikini World,2023-04,121,9.3,China,541
542,Kids of the Round Table,2023-12,123,8.9,Ireland,542
543,Soo (Art of Revenge),2010-01,167,7.4,United Arab Emirates,543
544,"Turtle's Tale 2: Sammy's Escape from Paradise, A (Sammy's avonturen 2) (Sammy's Adventures 2)",2000-08,48,5.2,Brazil,544
545,Amazing Journey: The Story of The Who,2000-09,140,4.2,Bolivia,545
546,"Peacekeeper, The",2002-08,143,3.5,Morocco,546
547,Born in Flames,1998-04,67,5.8,Brazil,547
548,"Theory of Flight, The",2012-05,27,6.0,Brazil,548
549,"Gambler, The",1999-06,110,8.3,Oman,549
550,Fire Birds,2008-10,42,9.9,Thailand,550
551,Entertaining Angels: The Dorothy Day Story,2013-09,75,5.6,China,551
552,Parenti serpenti,2016-11,178,8.9,Peru,552
553,Mr. Saturday Night,2022-08,12,5.5,Sweden,553
554,"Snapper, The",2015-09,54,4.1,Indonesia,554
555,"Burning Hot Summer, A (Un été brûlant)",1998-12,116,4.8,Ukraine,555
556,Hollywood Shuffle,2007-02,24,9.7,China,556
557,McCullin,2010-01,59,3.7,China,557
558,Desert Hearts,1998-11,123,1.2,China,558
559,Reign of Assassins,2022-07,169,6.7,Myanmar,559
560,"Selfish Giant, The",2017-01,64,3.6,China,560
561,Miss Granny,2006-11,163,3.3,Poland,561
562,Bolero,2010-11,36,5.0,France,562
563,Two Crimes (Dos crímenes),2007-09,33,8.2,China,563
564,Onegin,2018-03,43,7.7,Indonesia,564
565,21,2011-03,48,4.3,Poland,565
566,"Self-Made Hero, A (Un héros très discret)",2018-10,149,5.8,Philippines,566
567,Shifty,2017-08,96,8.2,United States,567
568,Libre échange,2008-08,138,1.3,China,568
569,Flock of Dodos: The Evolution-Intelligent Design Circus,2024-04,86,2.6,Indonesia,569
570,The Little Fox,2010-01,16,3.7,China,570
571,Miss Annie Rooney,1999-07,68,2.9,Indonesia,571
572,"Seventh Continent, The (Der siebente Kontinent)",2007-05,96,9.3,China,572
573,"Invention of Lying, The",2012-02,138,7.7,France,573
574,Late Chrysanthemums (Bangiku),2001-10,146,4.8,Switzerland,574
575,"Second Chance, The",2010-08,83,4.3,Serbia,575
576,Finding Bliss,2016-05,113,7.0,France,576
577,Ghost World,2008-12,28,5.8,China,577
578,"Chicago 8, The",2002-12,142,3.2,Lithuania,578
579,Stella Maris,2003-04,156,2.4,Philippines,579
580,Summer Palace (Yihe yuan),2016-01,95,8.1,China,580
581,"Messenger, The (Ulak)",2012-05,49,5.1,China,581
582,Painted Fire (Chihwaseon),2008-09,31,1.5,Philippines,582
583,"Silence of the Lambs, The",2014-10,97,5.1,Portugal,583
584,Hours,2001-02,19,4.9,Russia,584
585,"Soviet Story, The",2008-12,115,3.7,Finland,585
586,Zu: Warriors from the Magic Mountain (Xin shu shan jian ke),2021-05,137,1.1,Indonesia,586
587,Song of Freedom,2019-02,129,6.8,France,587
588,"Funny Thing Happened on the Way to the Forum, A",2022-12,121,9.0,Argentina,588
589,"Age of Ignorance, The (a.k.a. Days of Darkness) (L'âge des ténèbres)",1998-12,100,5.2,Czech Republic,589
590,Money for Nothing,2002-03,28,7.1,France,590
591,House of Cards,2000-05,85,6.6,China,591
592,American Buffalo,2020-04,89,3.4,Palestinian Territory,592
593,"Bête humaine, La",2022-09,133,4.9,Bangladesh,593
594,Phil Ochs: There But for Fortune,2020-06,36,4.6,China,594
595,Half Moon Street,2007-07,45,9.6,Uganda,595
596,Pushing Hands (Tui shou),2017-04,40,3.6,Belarus,596
597,Lights in the Dusk (Laitakaupungin valot),2016-04,91,3.9,Colombia,597
598,In the Basement,2004-03,97,3.2,Uganda,598
599,Deadly Prey,2004-05,25,8.1,China,599
600,"Villain, The (Le Vilain)",2021-03,70,7.2,Indonesia,600
601,Garfield: A Tail of Two Kitties,2017-07,88,3.9,Indonesia,601
602,Extraordinary Measures,2002-11,88,4.7,Russia,602
603,"Lone Ranger, The",2015-11,81,9.2,China,603
604,Stomp the Yard,1998-12,44,3.6,Bangladesh,604
605,Be with Me,2011-12,44,6.2,Ireland,605
606,As I Lay Dying,2007-02,59,4.7,Brazil,606
607,"Phantom of Liberty, The (Fantôme de la liberté, Le)",2015-08,65,6.2,Iran,607
608,Wild Animals (Yasaeng dongmul bohoguyeog),2003-06,74,9.4,Guatemala,608
609,"Last Metro, The (Dernier métro, Le)",2011-08,33,9.2,China,609
610,Lakeboat,2022-10,140,9.2,Bosnia and Herzegovina,610
611,Celine: Through the Eyes of the World,2015-11,94,8.9,Venezuela,611
612,Simple Simon (I rymden finns inga känslor),2011-01,142,3.8,Poland,612
613,"King and the Clown, The (Wang-ui namja)",2015-10,80,4.1,China,613
614,"Married Couple, A",2017-02,3,9.8,Tajikistan,614
615,Sweetie,2016-07,88,8.5,China,615
616,"Eye of Vichy, The (Oeil de Vichy, L')",1998-04,85,5.5,Azerbaijan,616
617,The Appointments of Dennis Jennings,2010-06,178,8.5,Argentina,617
618,Shadow of the Thin Man,2003-04,40,3.5,Palestinian Territory,618
619,"Hijacking, A (Kapringen)",2014-01,108,2.3,Philippines,619
620,Chronicle of a Summer (Chronique d'un été),2011-09,140,4.1,China,620
621,Sorority Babes in the Slimeball Bowl-O-Rama,2000-09,7,6.4,Turkmenistan,621
622,"River, The (He liu)",2001-12,68,1.4,China,622
623,Me tulemme taas,2000-02,129,4.5,China,623
624,Lesson Plan ,2003-09,149,2.2,China,624
625,"Gospel According to St. Matthew, The (Vangelo secondo Matteo, Il)",2009-05,29,5.0,China,625
626,Submarine,2017-11,18,2.6,China,626
627,Collision Earth,2021-05,132,5.0,Norway,627
628,Beetle Queen Conquers Tokyo,2013-09,100,4.7,Brazil,628
629,Mad Dog Time,2008-11,95,1.4,China,629
630,Catlow,2002-09,16,1.4,Brazil,630
631,Lola Versus,2004-08,21,6.6,China,631
632,David and Lisa,2011-06,86,7.3,Philippines,632
633,Beloved (Les bien-aimées),2024-04,90,5.0,Argentina,633
634,Fatty Drives the Bus,2008-03,33,2.2,Philippines,634
635,Trans-Europ-Express,2006-03,129,9.6,Russia,635
636,Double Wedding,2014-01,61,1.6,Samoa,636
637,Little Accidents,2001-10,153,4.8,Russia,637
638,Mr. Morgan's Last Love,2025-01,176,1.4,Russia,638
639,Pioneer (Pionér),2011-09,126,8.3,China,639
640,Friday the 13th Part VIII: Jason Takes Manhattan,2020-01,123,2.0,Niger,640
641,Cannibal! The Musical (a.k.a. Alferd Packer: The Musical),2003-11,42,4.7,China,641
642,After the Fox (Caccia alla volpe),2014-04,173,1.0,China,642
643,Observe and Report,2006-10,145,2.5,Estonia,643
644,Men Don't Leave,2023-12,2,8.2,Iraq,644
645,Naked Gun 33 1/3: The Final Insult,2016-01,155,8.0,China,645
646,Pretty/Handsome,1998-12,117,1.8,China,646
647,Swing,2011-07,122,4.0,China,647
648,Mentiras y gordas,2013-03,86,1.5,United States,648
649,Grown Up Movie Star,2000-08,12,5.0,China,649
650,"Big Year, The",2016-03,111,2.5,France,650
651,Man with the Gun,2012-11,110,8.5,Netherlands,651
652,"Jerk, The",2014-12,119,4.6,China,652
653,Amy's O (a.k.a. Amy's Orgasm),2023-05,177,2.2,Vietnam,653
654,"Rich, Young and Pretty",2010-09,40,1.7,Poland,654
655,Three Colors: Red (Trois couleurs: Rouge),2014-05,40,1.6,Russia,655
656,Elizabeth,2003-06,173,9.6,Venezuela,656
657,Carmen Comes Home (Karumen kokyo ni kaeru),2016-06,59,3.5,Indonesia,657
658,42 Up,2015-08,11,8.4,China,658
659,Pat Garrett and Billy the Kid,2013-07,174,1.9,Indonesia,659
660,Were the World Mine,1998-05,137,5.8,Luxembourg,660
661,Kazaam,2013-06,70,5.0,Indonesia,661
662,The Walking Hills,2019-09,85,9.0,Brazil,662
663,"White Hunter, Black Heart",2012-07,160,1.7,Philippines,663
664,"Flintstone Kids' Just Say No Special, The",2005-03,3,8.7,Philippines,664
665,"Pornographers, The (Erogotoshi-tachi yori: Jinruigaku nyûmon)",2017-08,147,9.9,Syria,665
666,"Crazies, The",2010-05,42,5.5,China,666
667,Still Crazy,2024-12,20,3.8,Russia,667
668,"Mummy's Curse, The",1998-10,148,5.4,Botswana,668
669,Staggered,1999-03,117,1.5,Kazakhstan,669
670,Attack of the 50 Foot Woman,1999-05,96,3.0,China,670
671,Young Mr. Lincoln,2004-09,135,2.2,France,671
672,Lumiere and Company (Lumière et compagnie),2006-10,118,9.8,Brazil,672
673,Noah's Ark,2014-07,152,1.8,Latvia,673
674,Experience Preferred... But Not Essential,2025-02,96,2.9,Peru,674
675,Atragon (Kaitei Gunkan),2018-01,150,5.7,Pakistan,675
676,Four Minutes (Vier Minuten),1999-08,149,4.4,Russia,676
677,Zizek!,2019-01,125,4.3,Ukraine,677
678,Private Lessons (Élève libre),2021-01,12,8.7,China,678
679,"Big Bang Theory, The (2007-)",2023-06,152,2.1,Uganda,679
680,"Hunters, The",2023-11,52,7.8,Russia,680
681,Always,2020-08,55,7.9,France,681
682,Waking Life,2002-06,96,1.9,Portugal,682
683,Varg Veum - Bitter Flowers (Varg Veum - Bitre Blomster),2020-06,141,5.1,China,683
684,If Footmen Tire You What Will Horses Do?,2008-09,108,2.0,China,684
685,Godzilla,2006-02,162,6.8,Indonesia,685
686,"Angélique, marquise des anges",2001-08,177,5.1,Indonesia,686
687,Fellini: I'm a Born Liar (Fellini: Je Suis um Grand Menteur),2012-05,52,1.1,Portugal,687
688,"Stoning of Soraya M., The",2018-07,72,6.1,China,688
689,"Man Between, The",2013-05,57,3.4,Panama,689
690,Change of Address (Changement d'adresse),2024-03,118,7.9,China,690
691,Gordy,2001-01,167,2.0,United States,691
692,"Shoot First, Die Later",2020-01,18,7.1,Russia,692
693,Midnight Cowboy,2003-09,22,7.2,Japan,693
694,"Return, The",2011-10,120,6.2,Nicaragua,694
695,"Telephone, The",2004-11,12,5.7,Russia,695
696,"Memphis Belle: A Story of a Flying Fortress, The",2010-05,173,6.3,Russia,696
697,"World's Greatest Athlete, The",2017-11,102,1.3,France,697
698,Heroes for Sale,2013-08,1,6.0,Indonesia,698
699,O,2011-02,4,8.9,China,699
700,"Battery, The",2018-04,103,9.1,Dominican Republic,700
701,Killer at Large,2020-07,176,3.7,China,701
702,Whistling in Brooklyn,2024-07,14,7.3,Argentina,702
703,Beavis and Butt-Head Do America,2016-04,117,1.5,Indonesia,703
704,Meshes of the Afternoon,2010-11,161,6.6,Ireland,704
705,"Charming Mass Suicide, A (Hurmaava joukkoitsemurha)",2019-03,123,6.3,Poland,705
706,Casting Couch,2010-09,133,5.6,Brazil,706
707,The Little Kidnappers,2007-07,158,7.6,Portugal,707
708,Let's Scare Jessica to Death,2022-01,55,9.8,China,708
709,"Girl Said No, The",2005-04,117,8.1,South Africa,709
710,"Cat's-Paw, The",2013-07,66,8.2,China,710
711,Equinox,2024-12,152,6.8,Spain,711
712,Un vampiro para dos,2018-12,103,5.4,Portugal,712
713,Relentless,2002-08,82,1.2,Uruguay,713
714,Adventure in Baltimore,2021-04,129,2.4,China,714
715,Since You Went Away,2013-01,141,9.9,China,715
716,Black Moon,2005-10,162,3.9,Russia,716
717,Return,2000-02,34,1.6,Indonesia,717
718,"Enfer, L'",2013-10,118,4.4,Philippines,718
719,Tangerines,2000-05,170,9.1,France,719
720,The Cruel Sea,2019-09,168,4.8,Czech Republic,720
721,It's a Bird,2017-07,116,8.3,China,721
722,"Truth, The ",2011-03,15,6.6,Indonesia,722
723,Autohystoria,2019-07,152,8.6,Palestinian Territory,723
724,"Dark Truth, A (Truth, The)",2024-03,17,9.0,China,724
725,"Best of Everything, The",2003-09,96,2.5,China,725
726,"Barkleys of Broadway, The",2005-07,109,4.3,Nigeria,726
727,For Love or Country: The Arturo Sandoval Story,2011-07,60,1.6,Ukraine,727
728,"They Shoot Horses, Don't They?",2008-08,159,3.5,Finland,728
729,City of Men (Cidade dos Homens),2005-11,177,3.7,Afghanistan,729
730,Port of Call (Hamnstad),2021-03,177,4.6,Mexico,730
731,"Flesh Merchant, The (Wild and Wicked, The)",2005-04,154,7.0,China,731
732,Typhoon (Tae-poong),2000-06,84,2.3,Uruguay,732
733,"Incredible Hulk, The",2017-07,141,3.4,Mexico,733
734,Private Benjamin,2020-08,73,9.4,China,734
735,Secrets of a Soul (Geheimnisse einer Seele),2003-05,90,7.1,Tajikistan,735
736,Sadie Thompson,1998-10,44,8.8,Indonesia,736
737,Our Idiot Brother,2009-06,76,2.3,Indonesia,737
738,"Devil Wears Prada, The",2010-12,106,3.1,China,738
739,Passion Flower,2012-01,158,8.6,China,739
740,Two Much,2004-07,141,5.0,Russia,740
741,"Lonely Villa, The",2014-11,126,4.8,Nepal,741
742,"Seventh Continent, The (Der siebente Kontinent)",2023-08,126,3.8,Colombia,742
743,Liliom,2010-12,7,3.8,Ukraine,743
744,"Last Seven, The",2005-06,113,5.5,Nigeria,744
745,Martyrs,2020-02,115,5.9,Thailand,745
746,Visioneers,2007-01,151,1.0,China,746
747,Amuck!,1999-09,9,7.0,Madagascar,747
748,"Milk of Sorrow, The (Teta asustada, La)",2024-07,115,7.0,Philippines,748
749,Clean Slate,2014-12,29,4.0,China,749
750,Always,2024-02,47,3.6,Israel,750
751,"Devil's Playground, The",1998-06,103,1.2,France,751
752,Hôtel des Invalides,2006-05,154,4.0,Ukraine,752
753,Tremors II: Aftershocks,2016-01,51,3.1,Poland,753
754,Scenes from the Class Struggle in Beverly Hills,2003-08,150,3.4,Niger,754
755,Confetti,2014-03,180,3.8,Philippines,755
756,Born Reckless,2002-02,68,4.8,United States,756
757,Mighty Morphin Power Rangers: The Movie,2014-03,54,2.5,France,757
758,"Reincarnation of Peter Proud, The",2013-11,87,5.4,Greece,758
759,Seventh Son,2016-12,134,1.3,Indonesia,759
760,Zatoichi Meets the One-Armed Swordsman (Shin zatô Ichi: Yabure! Tôjin-ken) (Zatôichi 22),2013-11,161,4.3,Vietnam,760
761,"Champion, The",2011-12,155,7.0,Albania,761
762,"Loving Father, A (Aime ton père)",2008-01,112,7.5,Czech Republic,762
763,Rob Roy,2005-03,110,1.6,Poland,763
764,MacGyver: Lost Treasure of Atlantis,2017-02,54,3.1,Russia,764
765,AmeriQua,2012-06,153,9.5,Indonesia,765
766,Prefontaine,2014-03,153,2.1,Sweden,766
767,"Adventures of Sharkboy and Lavagirl 3-D, The",2023-05,173,5.6,Yemen,767
768,G,2012-07,43,6.1,Philippines,768
769,Forever Yours (Ikuisesti sinun),2022-12,10,2.4,Mexico,769
770,Prom Night,2012-09,122,1.7,Poland,770
771,Phantasm,2010-06,148,7.3,Argentina,771
772,You Can't Take It with You,2022-10,30,9.9,Philippines,772
773,Hello! How Are You? (Buna! Ce faci?),2019-02,28,1.8,China,773
774,Unlawful Killing,2013-02,123,7.0,China,774
775,Lucrèce Borgia,1998-01,7,2.1,Peru,775
776,"Hasty Heart, The",2006-02,75,3.2,Poland,776
777,American Ninja 5,2002-07,1,4.5,China,777
778,Falling Up,2000-01,69,6.2,China,778
779,"Saragossa Manuscript, The (Rekopis znaleziony w Saragossie)",2003-12,166,1.2,France,779
780,Virginia's Run,2013-06,44,6.8,Japan,780
781,"Fearless Hyena, The (Xiao quan guai zhao)",2008-03,130,1.7,Norway,781
782,"Flock, The",2010-09,108,5.6,Pakistan,782
783,Happy Feet Two,1998-03,87,2.9,Afghanistan,783
784,The Hobbit: The Battle of the Five Armies,2011-06,63,9.0,Indonesia,784
785,Desk Set,2006-04,3,7.8,China,785
786,Stakeout,2000-05,126,1.9,Philippines,786
787,"Standing Aside, Watching",2023-07,178,2.5,Portugal,787
788,"Late Show, The",2012-10,25,1.8,Canada,788
789,"24th Day, The",2020-10,164,9.3,Russia,789
790,Fort Apache,2010-03,82,7.6,Indonesia,790
791,Survival of the Dead,2008-03,44,3.7,Argentina,791
792,Patriot Games,2004-08,154,4.1,Chile,792
793,"Haunting in Connecticut, The",2017-09,164,8.7,Brazil,793
794,Viola,2011-09,163,4.2,Georgia,794
795,Tungsten,1999-11,137,4.1,Peru,795
796,Suzanne's Career (La carrière de Suzanne),2014-09,158,2.5,Uzbekistan,796
797,Phone (Pon),2024-11,152,5.9,Georgia,797
798,Rampage at Apache Wells,1999-10,76,4.1,China,798
799,"Hit, The",2013-09,37,1.8,Armenia,799
800,"Wrong Guys, The",2001-07,111,3.5,Portugal,800
801,Visioneers,2011-07,70,9.1,Peru,801
802,"Ugly American, The",2013-03,61,4.8,Mexico,802
803,Mary Poppins,2018-07,124,4.3,Brazil,803
804,Rosewood Lane,2006-07,94,7.6,Indonesia,804
805,The Hungover Games,2005-07,125,2.7,Poland,805
806,"Purple Gang, The",2018-04,166,2.4,Nepal,806
807,"Collector, The (La collectionneuse)",1998-08,90,5.5,Philippines,807
808,Hunting Elephants,2020-06,128,7.5,Serbia,808
809,Swedish Auto,2012-10,43,3.0,Colombia,809
810,"Family Stone, The",2010-07,72,5.7,Brazil,810
811,The Case of the Scorpion's Tail,2000-05,6,5.2,China,811
812,"Best Exotic Marigold Hotel, The",2024-07,179,4.7,United Kingdom,812
813,No Rest for the Brave (Pas de repos pour les braves),2013-11,34,5.0,United States,813
814,Old School,2012-09,151,9.5,Indonesia,814
815,Solo Sunny,2012-02,132,3.3,China,815
816,"Disappeared, The",2005-08,106,6.4,Argentina,816
817,Alias Betty (Betty Fisher et autres histoires),2010-06,161,1.6,Indonesia,817
818,"Andromeda Strain, The",2007-02,18,7.3,United States,818
819,In Your Dreams (Dans tes rêves),2014-04,126,6.6,Philippines,819
820,Man of the World,1999-03,180,6.6,Indonesia,820
821,Second Skin (Segunda Piel),2001-05,151,8.5,Indonesia,821
822,Men to Kiss,2021-04,90,6.5,Russia,822
823,Queen of the Damned,2008-05,119,4.4,New Zealand,823
824,As Long as You've Got Your Health (Tant qu'on a la santé),2014-11,36,6.7,United States,824
825,Prince Avalanche,2015-08,12,3.2,Brazil,825
826,Suicide Killers,2025-04,11,8.5,Italy,826
827,Messenger of Death,2020-02,98,9.7,France,827
828,Bandwagon,2011-05,171,3.0,Philippines,828
829,Filth,2014-01,81,2.9,Indonesia,829
830,Matthew's Days,2001-07,107,6.4,Palestinian Territory,830
831,Scrooge,2015-02,67,7.8,Sweden,831
832,"Inner Life of Martin Frost, The",2014-05,39,2.7,Cuba,832
833,Gamera vs. Viras ,2000-01,72,8.5,Czech Republic,833
834,New Jack City,2011-12,57,4.1,Turkmenistan,834
835,How Wang-Fo Was Saved (Comment Wang-Fo fut sauvé),2004-08,122,7.3,Finland,835
836,"Lost World, The",2009-10,73,9.8,China,836
837,Mandingo,2005-11,92,7.8,Japan,837
838,"Return of the Prodigal Son, The (Návrat ztraceného syna)",2022-06,66,9.4,Ireland,838
839,Evil Aliens,2009-07,47,6.9,Russia,839
840,Archie To Riverdale and Back Again,2024-10,88,6.6,Poland,840
841,I'm Not Scared (Io non ho paura),1998-08,13,8.6,Argentina,841
842,Mr. Peabody & Sherman,2005-08,66,2.9,Indonesia,842
843,"House of Mirth, The",2012-07,163,5.8,Sri Lanka,843
844,On the Waterfront,2013-04,36,4.4,Canada,844
845,"Alligator People, The",2023-08,106,6.9,China,845
846,Ladder 49,2000-07,29,9.6,Vietnam,846
847,Tormented,2008-11,46,7.6,China,847
848,"Twilight of the Golds, The",2017-09,140,4.3,Sweden,848
849,Big City Blues,2012-01,113,8.5,Ukraine,849
850,Riddick,2007-11,13,3.1,Guatemala,850
851,Cheech & Chong's Next Movie,2000-12,125,7.3,Trinidad and Tobago,851
852,Once Upon a Time in the West (C'era una volta il West),2020-08,9,4.3,Indonesia,852
853,"Sound and the Fury, The",2023-11,67,8.9,Indonesia,853
854,Parking (Ting che),2006-11,151,3.3,Indonesia,854
855,Santa's Pocket Watch,2022-05,151,2.6,South Korea,855
856,"General's Daughter, The",2015-08,79,2.1,Estonia,856
857,"Ugly Truth, The",1998-02,108,2.9,France,857
858,"No Retreat, No Surrender",2000-12,54,5.4,Venezuela,858
859,Howling III: The Marsupials,2025-02,46,8.5,Mauritania,859
860,Outlaw Blues,2016-09,68,4.5,China,860
861,Trance,2007-10,62,1.5,China,861
862,"Lost, The",2014-07,101,1.8,Peru,862
863,Striking Range,2015-10,139,2.5,Philippines,863
864,"Two of Us, The (Le vieil homme et l'enfant)",2004-11,137,6.3,Portugal,864
865,OMG Oh My God!,1998-04,165,9.7,Belarus,865
866,"Otra Familia, La",2016-12,151,5.2,Azerbaijan,866
867,Song of the South,2004-07,147,2.2,Russia,867
868,Veronika Decides to Die,2004-09,85,8.9,Moldova,868
869,Balance,2023-03,4,9.5,Nepal,869
870,I Will Fight No More Forever,2010-09,97,2.2,Greece,870
871,Sex and the City,2023-05,54,6.0,Lesotho,871
872,Nightfall,2000-12,35,4.0,Mexico,872
873,Kick-Ass,2011-09,104,2.5,Philippines,873
874,Death by China ,2007-04,106,1.5,Russia,874
875,Mr Hublot,2021-02,90,5.8,Russia,875
876,10 Years,2009-11,167,7.1,China,876
877,Ruby in Paradise,2009-03,30,2.6,Poland,877
878,"Polar Express, The",2009-07,60,4.9,China,878
879,"Teahouse of the August Moon, The",2000-11,139,7.0,Cape Verde,879
880,Two Rabbits (2 Coelhos),2024-07,39,6.6,China,880
881,Becoming Jane,2014-02,33,2.2,Brazil,881
882,In the Time of the Butterflies,2008-10,107,9.8,Netherlands,882
883,Romper Stomper,2002-07,92,1.5,Russia,883
884,Mulan,2022-08,147,2.4,China,884
885,Body of War,1998-08,74,6.7,Peru,885
886,"Substitute, The",2024-02,34,4.7,Moldova,886
887,Last Stand At Saber River,2014-07,33,6.7,Indonesia,887
888,First Sunday,1998-02,86,1.9,Panama,888
889,In Their Sleep (Dans ton sommeil),2018-06,133,5.5,China,889
890,Hoffman,2017-03,163,9.3,Poland,890
891,Contraband,2010-03,18,2.6,China,891
892,"Beast with Five Fingers, The",2021-07,53,3.4,Saudi Arabia,892
893,My Father's Glory (La gloire de mon père),2021-05,27,7.1,Brazil,893
894,Green Tea (Lü cha),1999-12,128,7.2,Russia,894
895,"Girls Can't Swim (Filles ne savent pas nager, Les)",2000-04,117,6.4,Ireland,895
896,Pot O' Gold,2009-01,102,9.1,Russia,896
897,Don McKay,2007-05,119,1.2,Norway,897
898,Robinson Crusoe (Daniel Defoe's Robinson Crusoe),2004-06,165,1.7,Philippines,898
899,Regret to Inform,2011-07,67,7.8,France,899
900,Houseboat,2003-05,19,3.4,Sweden,900
901,Moonraker,1999-12,37,4.9,Indonesia,901
902,Hell Is Sold Out,2004-08,7,2.5,Norway,902
903,Don't Torture a Duckling (Non si sevizia un paperino),1999-01,94,3.4,Indonesia,903
904,Casshern,2013-02,126,6.3,Croatia,904
905,SherryBaby,2012-05,37,1.5,Tanzania,905
906,If These Walls Could Talk 2,2006-02,36,2.9,Indonesia,906
907,"Only Son, The (Hitori musuko)",2020-07,179,7.0,Cameroon,907
908,Drop Dead Fred,2014-05,139,2.4,Macedonia,908
909,Jack Frost,2009-07,159,6.0,China,909
910,"Song of Sparrows, The (Avaze gonjeshk-ha)",2007-07,80,5.9,Philippines,910
911,Bloodline,2000-10,78,6.6,Ecuador,911
912,Carman: The Champion,2025-01,142,1.3,China,912
913,From the Orient with Fury,2019-03,42,3.0,Tanzania,913
914,"Vampyros Lesbos (Vampiras, Las)",2012-02,160,4.0,Kiribati,914
915,Satan's Sword II (Daibosatsu toge: Ryujin no maki),2020-07,61,8.7,Uzbekistan,915
916,August Evening,2001-11,95,7.6,China,916
917,Everybody Wins,2002-12,42,4.2,Argentina,917
918,Majesteit,2013-10,119,7.9,United States,918
919,Bread and Alley (Nan va Koutcheh),2000-01,178,2.1,Indonesia,919
920,Ruthless People,2025-06,77,6.7,China,920
921,After School Midnighters (Hôkago middonaitâzu),2006-09,103,7.4,Philippines,921
922,Dragon (Wu Xia),2017-12,93,1.1,Russia,922
923,Megiddo: The Omega Code 2,2001-10,123,7.4,Indonesia,923
924,"Escort, The (Scorta, La)",2007-12,65,5.9,Bangladesh,924
925,Tribute to a Bad Man,2005-09,23,2.9,South Africa,925
926,"Star Is Born, A",2002-11,75,6.7,Guatemala,926
927,"Savages, The",2012-09,17,4.8,Germany,927
928,"Deer Hunter, The",2004-01,69,7.8,Russia,928
929,Asterix and the Gauls (Astérix le Gaulois),2025-02,109,7.5,Belarus,929
930,"Rink, The",2005-04,40,4.6,Egypt,930
931,"Castle of the Living Dead (Castello Dei Morti Vivi, Il)",2002-02,139,1.6,China,931
932,Easy Rider,2022-11,18,8.2,China,932
933,Camila,2009-09,143,4.3,France,933
934,Dreamgirls,2018-06,70,9.3,Panama,934
935,Holy Wars,2013-07,115,3.4,Indonesia,935
936,Alex Cross,2019-01,161,3.5,Ireland,936
937,"Iron Rose, The (Rose de fer, La)",2023-12,57,1.4,Ireland,937
938,Border Incident,2022-04,169,6.6,Poland,938
939,Little Fugitive,2008-02,150,9.8,Brazil,939
940,The Trip to Squash Land,2018-07,55,3.2,Colombia,940
941,Gemini (Sôseiji),2005-08,46,3.2,United States,941
942,V: The Final Battle,2003-09,138,4.5,Mongolia,942
943,Hard Times,2005-09,99,4.4,Cuba,943
944,It's Good to Be Alive,2018-10,32,3.9,Georgia,944
945,Jonestown: Paradise Lost,2006-07,103,4.7,Indonesia,945
946,Alcan Highway (Alaska Highway),2015-10,170,6.9,France,946
947,"Laramie Project, The",1998-10,178,5.0,China,947
948,Mysterious Skin,2013-12,69,7.3,Brazil,948
949,Indian Summer (a.k.a. Alive & Kicking),2020-04,156,9.7,Indonesia,949
950,Adam and Eve (Adão e Eva),2005-09,87,3.9,Brazil,950
951,"War Tapes, The",2020-01,169,8.9,Cuba,951
952,My Little Business (Ma petite entreprise),2012-05,164,3.4,Tajikistan,952
953,King Lear (Korol Lir),2022-12,150,9.9,Philippines,953
954,Lavatory Lovestory (Ubornaya istoriya - lyubovnaya istoriya),2019-05,91,8.0,Nigeria,954
955,Devil's Doorway,2007-05,13,5.4,Benin,955
956,"Statement, The",2016-05,80,3.2,Mongolia,956
957,Amityville: Dollhouse,2012-11,158,1.1,China,957
958,Don't Tell Mom the Babysitter's Dead,2024-06,32,6.9,China,958
959,Tyler Perry's Madea's Big Happy Family,2001-01,116,5.0,Chile,959
960,Stand-In,2010-08,174,9.2,Tajikistan,960
961,Relative Fear,2011-11,134,6.2,Kazakhstan,961
962,"Sherlock Holmes in Pearl of Death (Pearl of Death, The)",2000-08,64,5.8,Croatia,962
963,Zulu,2022-05,18,7.3,Russia,963
964,"Doorway to Hell, The",2006-09,19,6.7,China,964
965,Kippur,2007-12,114,8.7,Mexico,965
966,Eye See You (D-Tox),2014-01,107,4.2,China,966
967,Skyfall,2011-01,102,6.8,South Africa,967
968,L.A. Story,2013-05,51,7.3,Ukraine,968
969,Al otro lado,2005-06,52,3.5,China,969
970,"Line King: The Al Hirschfeld Story, The",2007-03,143,3.8,China,970
971,"Letter for the King, The (Brief voor de koning, De)",2013-06,30,7.6,Myanmar,971
972,"Eternal Return, The (L'éternel retour)",1998-12,151,7.9,Indonesia,972
973,Goon,2003-04,62,2.9,Canada,973
974,Small Faces,2012-07,103,1.6,Honduras,974
975,Venus & Fleur,2003-04,7,4.2,Japan,975
976,"Food of the Gods, The",2022-11,33,3.2,Nigeria,976
977,Harem suare,2003-06,16,4.9,Poland,977
978,Shadows (Cienie),2006-02,145,4.2,Peru,978
979,Honeymoon,2018-01,48,2.7,Colombia,979
980,Condorman,2014-11,42,1.8,Colombia,980
981,This Gun for Hire,2004-01,5,4.6,Sweden,981
982,"Garden of Words, The (Koto no ha no niwa)",2017-09,22,8.5,Indonesia,982
983,Emma's Bliss (Emmas Glück),2020-02,147,6.7,Ukraine,983
984,Zotz!,2001-04,1,5.3,Brazil,984
985,"Ring, The",2022-02,25,6.2,China,985
986,"Heart Is Deceitful Above All Things, The",2022-04,17,4.1,Indonesia,986
987,Farsan,2004-08,53,9.9,Norway,987
988,"Card Player, The (Il cartaio)",2019-11,53,9.0,Philippines,988
989,Tokyo Twilight (Tôkyô boshoku),2018-07,60,7.5,Indonesia,989
990,Twice Upon a Time,2016-12,41,4.8,Ukraine,990
991,"Psychopath, The",2024-08,129,7.9,Panama,991
992,Charlie Chan's Courage,2016-06,76,4.9,Ukraine,992
993,The Very Thought of You,1999-06,42,8.1,Poland,993
994,Mercury Rising,2017-03,148,7.1,Nepal,994
995,"Hole in the Head, A",2018-12,46,2.2,China,995
996,"Gas, Inspector Palmu! (Kaasua, komisario Palmu!)",2024-01,54,6.5,Indonesia,996
997,Rooster's Breakfast (Petelinji zajtrk),2000-07,134,7.2,Indonesia,997
998,Home from the Hill,2017-11,158,8.0,Vietnam,998
999,Ripley's Game,2009-10,70,9.3,Argentina,999
1000,Memories of Me,2024-03,31,9.4,Venezuela,1000
